Workbook
Name filename: RunTIMESReportScript!$C$12
Name filename: RunTIMESReportScript!$C$15

Sheet UserInput
A2: Description | B2: Copy user defined sets process sets related to timesreport.gms from [Sets-DemoModels.xlsx]TIMESreport_Sets-Proc'!A2:C. That is user defined processes sets related to sector, subsector, (energy) services, capacity_unit and techgroup. | E2: Description | F2: Copy user defined sets commodity sets related to timesreport.gms from [Sets-DemoModels.xlsx]TIMESreport_Sets-Comm'!A2:C. That is user defined processes sets related to comgroup.
A3: Notes: | B3: To make copy from Sets-TIMES-model.xlsx easy ideally you need the same structure in Sets-TIMES-model.xlsx. I.e. a specific spreadsheet for user defined process with the columns "Name", "Description" and "TIMESReport" | E3: Notes: | F3: To make copy from Sets-TIMES-model.xlsx easy ideally you need the same structure in Sets-TIMES-model.xlsx. I.e. a specific spreadsheet for user defined process with the columns "Name", "Description" and "TIMESReport"
B5: Name | C5: Description | D5: TIMESReport | F5: Name | G5: Description | H5: TIMESReport
B6: 000_Units | C6: 1000 units | D6: capacityunit | F6: NRG_ELC | G6: Electricity | H6: comgroup
B7: GW | C7: GW | D7: capacityunit | F7: NRG_GAS | G7: Gas | H7: comgroup
B8: Mta | C8: Million ton a year | D8: capacityunit | F8: NRG_NUK | G8: Nuclear | H8: comgroup
B9: PJa | C9: PJ annually | D9: capacityunit | F9: NRG_OIL | G9: Oil | H9: comgroup
B10: SC_AGR | C10: Agriculture sector | D10: sector | F10: NRG_RNW | G10: Renewable | H10: comgroup
B11: SC_COM | C11: Commercial sector | D11: sector | F11: NRG_COA | G11: Coal | H11: comgroup
B12: SC_ELE | C12: Electricity supply sector | D12: sector | F12: NRG_BIO | G12: Biomass | H12: comgroup
B13: SC_IND | C13: Industry sector | D13: sector | F13: ENV_CO2 | G13: GHG-emission | H13: comgroup
B14: SC_MIN | C14: Mining technologies | D14: sector | F14: DEM_COM | G14: Demand commodity | H14: comgroup
B15: SC_REF | C15: Refinery | D15: sector
B16: SC_RES | C16: Residential sector | D16: sector
B17: SC_TRA | C17: Transport sector | D17: sector
B18: SC_TRD | C18: Trade technologies | D18: sector
B19: SC_TRM | C19: Transmission of electricity and gas | D19: sector
B20: SR_AGR | C20: Agricultural demand | D20: service
B21: SR_APP | C21: Appliances | D21: service
B22: SR_IRS | C22: Industrial IronSteel Demand | D22: service
B23: SR_IND | C23: Industry Demand | D23: service
B24: SR_OTH | C24: Other demands | D24: service
B25: SR_RHT | C25: Room heat | D25: service
B26: SR_TRC | C26: Cars | D26: service
... B59: TG_DMD | C59: Demand Technology | D59: techgroup

Sheet WriteSets2GDXfile
A2: Description | B2: Use to PRC_GMAP make sure that map between processes in the TIMES and user defined proces sets are available in raw TIMES result GDX-file for extraction by the timesreport.gms script. Something simular needs to be done for user defined commodity groups, however, note that based on the current version of VEDA this is done in the SYSSETTING.XLSX using a dedicated table. See the following post for additional details: https://forum.kanors-emr.org/showthread.php?tid=1206&highlight=com_gmap | G2: Description | H2: Include user defined process sets in the dd file using SFCmd_bot so that process sets and their descriptions are able in raw TIMES GDX-file for extraction by the timesreport.gms script. This is important for reporting purposes, as it allow us to use the description of each user defined process sets down stream in automated reporting pipeline. The "Value-column" specifies the line where the text is placed. | Q2: Description | R2: Include user defined commodity sets in the dd file using SFCmd_bot so that process sets and their descriptions are able in raw TIMES GDX-file for extraction by the timesreport.gms script. This is important for reporting purposes, as it allow us to use the description of each user defined commodity sets down stream in automated reporting pipeline. The "Value-column" specifies the line where the text is placed.
A3: Notes: | G3: Notes: | H3: Note that using the SFCmd_bot in combination with ~TFM_DINS-AT makes it possible to use commas in the process set descriptions. When using a TFM_INS it was not possible to use commas as these where interpreted as a new line. https://vedaonline-documentation.readthedocs.io/en/latest/pages/model_workspace/Run%20Manager.html | Q3: Notes: | R3: Note that using the SFCmd_bot in combination with ~TFM_DINS-AT makes it possible to use commas in the commodity set description. When using a TFM_INS it was not possible to use commas as these where interpreted as a new line. https://vedaonline-documentation.readthedocs.io/en/latest/pages/model_workspace/Run%20Manager.html
B5: ~TFM_INS | M5: ~TFM_DINS-AT | W5: ~TFM_DINS-AT
B6: Attribute | C6: Other_Indexes | D6: Allregions | E6: Pset_Set | H6: Code to be included using attribute SFCmd_bot | M6: SFCmd_bot | N6: Other_indexes | O6: pset_pn | R6: Code to be included using attribute SFCmd_bot | W6: SFCmd_bot | X6: Other_indexes | Y6: pset_pn
B7: =IF(C7="","","PRC_GMAP") -> PRC_GMAP | C7: =IF(UserInput!B6=0,"",UserInput!B6) -> 000_Units | D7: =IF(C7="","",1) -> 1 | E7: =IF(UserInput!B6=0,"",UserInput!B6) -> 000_Units | H7: =IF(UserInput!D6="","",IF(UserInput!D6=UserInput!D5,"","SET "&UserInput!D6&"TIMESreport '"&UserInput!D6&" TIMESreport'/ ")) -> SET capacityunitTIMESreport 'capacityunit TIMESreport'/ | I7: =IF(UserInput!B6=0,"",UserInput!B6) -> 000_Units | J7: =IF(UserInput!C6=0,"","'"&UserInput!C6&"'") -> '1000 units' | K7: =IF(I7="","",IF(UserInput!D6=UserInput!D7,"","/ ;")) | M7: =IF(I7="","",1) -> 1 | N7: =_xlfn.CONCAT(H7:I7)&" "&_xlfn.CONCAT(J7:K7) -> SET capacityunitTIMESreport 'capacityunit TIMESreport'/ 000_Units '1000 units' | O7: =IF(M7="","","IMPNRGZ") -> IMPNRGZ | R7: =IF(UserInput!H6=0,"",IF(UserInput!H6=UserInput!H5,"","SET "&UserInput!H6&"TIMESreport '"&UserInput!H6&" TIMESreport'/ ")) -> SET comgroupTIMESreport 'comgroup TIMESreport'/ | S7: =IF(UserInput!F6=0,"",UserInput!F6) -> NRG_ELC | T7: =IF(UserInput!G6=0,"","'"&UserInput!G6&"'") -> 'Electricity' | U7: =IF(S7="","",IF(UserInput!H6=UserInput!H7,"","/ ;")) | W7: =IF(S7="","",MAX(M:M)+1) -> 55 | X7: =_xlfn.CONCAT(R7:S7)&" "&_xlfn.CONCAT(T7:U7) -> SET comgroupTIMESreport 'comgroup TIMESreport'/ NRG_ELC 'Electricity' | Y7: =IF(W7="","","IMPNRGZ") -> IMPNRGZ
B8: =IF(C8="","","PRC_GMAP") -> PRC_GMAP | C8: =IF(UserInput!B7=0,"",UserInput!B7) -> GW | D8: =IF(C8="","",1) -> 1 | E8: =IF(UserInput!B7=0,"",UserInput!B7) -> GW | H8: =IF(UserInput!D7="","",IF(UserInput!D7=UserInput!D6,"","SET "&UserInput!D7&"TIMESreport '"&UserInput!D7&" TIMESreport'/ ")) | I8: =IF(UserInput!B7=0,"",UserInput!B7) -> GW | J8: =IF(UserInput!C7=0,"","'"&UserInput!C7&"'") -> 'GW' | K8: =IF(I8="","",IF(UserInput!D7=UserInput!D8,"","/ ;")) | M8: =IF(I8="","",1+M7) -> 2 | N8: =_xlfn.CONCAT(H8:I8)&" "&_xlfn.CONCAT(J8:K8) -> GW 'GW' | O8: =IF(M8="","","IMPNRGZ") -> IMPNRGZ | R8: =IF(UserInput!H7=0,"",IF(UserInput!H7=UserInput!H6,"","SET "&UserInput!H7&"TIMESreport '"&UserInput!H7&" TIMESreport'/ ")) | S8: =IF(UserInput!F7=0,"",UserInput!F7) -> NRG_GAS | T8: =IF(UserInput!G7=0,"","'"&UserInput!G7&"'") -> 'Gas' | U8: =IF(S8="","",IF(UserInput!H7=UserInput!H8,"","/ ;")) | W8: =IF(S8="","",W7+1) -> 56 | X8: =_xlfn.CONCAT(R8:S8)&" "&_xlfn.CONCAT(T8:U8) -> NRG_GAS 'Gas' | Y8: =IF(W8="","","IMPNRGZ") -> IMPNRGZ
B9: =IF(C9="","","PRC_GMAP") -> PRC_GMAP | C9: =IF(UserInput!B8=0,"",UserInput!B8) -> Mta | D9: =IF(C9="","",1) -> 1 | E9: =IF(UserInput!B8=0,"",UserInput!B8) -> Mta | H9: =IF(UserInput!D8="","",IF(UserInput!D8=UserInput!D7,"","SET "&UserInput!D8&"TIMESreport '"&UserInput!D8&" TIMESreport'/ ")) | I9: =IF(UserInput!B8=0,"",UserInput!B8) -> Mta | J9: =IF(UserInput!C8=0,"","'"&UserInput!C8&"'") -> 'Million ton a year' | K9: =IF(I9="","",IF(UserInput!D8=UserInput!D9,"","/ ;")) | M9: =IF(I9="","",1+M8) -> 3 | N9: =_xlfn.CONCAT(H9:I9)&" "&_xlfn.CONCAT(J9:K9) -> Mta 'Million ton a year' | O9: =IF(M9="","","IMPNRGZ") -> IMPNRGZ | R9: =IF(UserInput!H8=0,"",IF(UserInput!H8=UserInput!H7,"","SET "&UserInput!H8&"TIMESreport '"&UserInput!H8&" TIMESreport'/ ")) | S9: =IF(UserInput!F8=0,"",UserInput!F8) -> NRG_NUK | T9: =IF(UserInput!G8=0,"","'"&UserInput!G8&"'") -> 'Nuclear' | U9: =IF(S9="","",IF(UserInput!H8=UserInput!H9,"","/ ;")) | W9: =IF(S9="","",W8+1) -> 57 | X9: =_xlfn.CONCAT(R9:S9)&" "&_xlfn.CONCAT(T9:U9) -> NRG_NUK 'Nuclear' | Y9: =IF(W9="","","IMPNRGZ") -> IMPNRGZ
B10: =IF(C10="","","PRC_GMAP") -> PRC_GMAP | C10: =IF(UserInput!B9=0,"",UserInput!B9) -> PJa | D10: =IF(C10="","",1) -> 1 | E10: =IF(UserInput!B9=0,"",UserInput!B9) -> PJa | H10: =IF(UserInput!D9="","",IF(UserInput!D9=UserInput!D8,"","SET "&UserInput!D9&"TIMESreport '"&UserInput!D9&" TIMESreport'/ ")) | I10: =IF(UserInput!B9=0,"",UserInput!B9) -> PJa | J10: =IF(UserInput!C9=0,"","'"&UserInput!C9&"'") -> 'PJ annually' | K10: =IF(I10="","",IF(UserInput!D9=UserInput!D10,"","/ ;")) -> / ; | M10: =IF(I10="","",1+M9) -> 4 | N10: =_xlfn.CONCAT(H10:I10)&" "&_xlfn.CONCAT(J10:K10) -> PJa 'PJ annually'/ ; | O10: =IF(M10="","","IMPNRGZ") -> IMPNRGZ | R10: =IF(UserInput!H9=0,"",IF(UserInput!H9=UserInput!H8,"","SET "&UserInput!H9&"TIMESreport '"&UserInput!H9&" TIMESreport'/ ")) | S10: =IF(UserInput!F9=0,"",UserInput!F9) -> NRG_OIL | T10: =IF(UserInput!G9=0,"","'"&UserInput!G9&"'") -> 'Oil' | U10: =IF(S10="","",IF(UserInput!H9=UserInput!H10,"","/ ;")) | W10: =IF(S10="","",W9+1) -> 58 | X10: =_xlfn.CONCAT(R10:S10)&" "&_xlfn.CONCAT(T10:U10) -> NRG_OIL 'Oil' | Y10: =IF(W10="","","IMPNRGZ") -> IMPNRGZ
B11: =IF(C11="","","PRC_GMAP") -> PRC_GMAP | C11: =IF(UserInput!B10=0,"",UserInput!B10) -> SC_AGR | D11: =IF(C11="","",1) -> 1 | E11: =IF(UserInput!B10=0,"",UserInput!B10) -> SC_AGR | H11: =IF(UserInput!D10="","",IF(UserInput!D10=UserInput!D9,"","SET "&UserInput!D10&"TIMESreport '"&UserInput!D10&" TIMESreport'/ ")) -> SET sectorTIMESreport 'sector TIMESreport'/ | I11: =IF(UserInput!B10=0,"",UserInput!B10) -> SC_AGR | J11: =IF(UserInput!C10=0,"","'"&UserInput!C10&"'") -> 'Agriculture sector' | K11: =IF(I11="","",IF(UserInput!D10=UserInput!D11,"","/ ;")) | M11: =IF(I11="","",1+M10) -> 5 | N11: =_xlfn.CONCAT(H11:I11)&" "&_xlfn.CONCAT(J11:K11) -> SET sectorTIMESreport 'sector TIMESreport'/ SC_AGR 'Agriculture sector' | O11: =IF(M11="","","IMPNRGZ") -> IMPNRGZ | R11: =IF(UserInput!H10=0,"",IF(UserInput!H10=UserInput!H9,"","SET "&UserInput!H10&"TIMESreport '"&UserInput!H10&" TIMESreport'/ ")) | S11: =IF(UserInput!F10=0,"",UserInput!F10) -> NRG_RNW | T11: =IF(UserInput!G10=0,"","'"&UserInput!G10&"'") -> 'Renewable' | U11: =IF(S11="","",IF(UserInput!H10=UserInput!H11,"","/ ;")) | W11: =IF(S11="","",W10+1) -> 59 | X11: =_xlfn.CONCAT(R11:S11)&" "&_xlfn.CONCAT(T11:U11) -> NRG_RNW 'Renewable' | Y11: =IF(W11="","","IMPNRGZ") -> IMPNRGZ
B12: =IF(C12="","","PRC_GMAP") -> PRC_GMAP | C12: =IF(UserInput!B11=0,"",UserInput!B11) -> SC_COM | D12: =IF(C12="","",1) -> 1 | E12: =IF(UserInput!B11=0,"",UserInput!B11) -> SC_COM | H12: =IF(UserInput!D11="","",IF(UserInput!D11=UserInput!D10,"","SET "&UserInput!D11&"TIMESreport '"&UserInput!D11&" TIMESreport'/ ")) | I12: =IF(UserInput!B11=0,"",UserInput!B11) -> SC_COM | J12: =IF(UserInput!C11=0,"","'"&UserInput!C11&"'") -> 'Commercial sector' | K12: =IF(I12="","",IF(UserInput!D11=UserInput!D12,"","/ ;")) | M12: =IF(I12="","",1+M11) -> 6 | N12: =_xlfn.CONCAT(H12:I12)&" "&_xlfn.CONCAT(J12:K12) -> SC_COM 'Commercial sector' | O12: =IF(M12="","","IMPNRGZ") -> IMPNRGZ | R12: =IF(UserInput!H11=0,"",IF(UserInput!H11=UserInput!H10,"","SET "&UserInput!H11&"TIMESreport '"&UserInput!H11&" TIMESreport'/ ")) | S12: =IF(UserInput!F11=0,"",UserInput!F11) -> NRG_COA | T12: =IF(UserInput!G11=0,"","'"&UserInput!G11&"'") -> 'Coal' | U12: =IF(S12="","",IF(UserInput!H11=UserInput!H12,"","/ ;")) | W12: =IF(S12="","",W11+1) -> 60 | X12: =_xlfn.CONCAT(R12:S12)&" "&_xlfn.CONCAT(T12:U12) -> NRG_COA 'Coal' | Y12: =IF(W12="","","IMPNRGZ") -> IMPNRGZ
B13: =IF(C13="","","PRC_GMAP") -> PRC_GMAP | C13: =IF(UserInput!B12=0,"",UserInput!B12) -> SC_ELE | D13: =IF(C13="","",1) -> 1 | E13: =IF(UserInput!B12=0,"",UserInput!B12) -> SC_ELE | H13: =IF(UserInput!D12="","",IF(UserInput!D12=UserInput!D11,"","SET "&UserInput!D12&"TIMESreport '"&UserInput!D12&" TIMESreport'/ ")) | I13: =IF(UserInput!B12=0,"",UserInput!B12) -> SC_ELE | J13: =IF(UserInput!C12=0,"","'"&UserInput!C12&"'") -> 'Electricity supply sector' | K13: =IF(I13="","",IF(UserInput!D12=UserInput!D13,"","/ ;")) | M13: =IF(I13="","",1+M12) -> 7 | N13: =_xlfn.CONCAT(H13:I13)&" "&_xlfn.CONCAT(J13:K13) -> SC_ELE 'Electricity supply sector' | O13: =IF(M13="","","IMPNRGZ") -> IMPNRGZ | R13: =IF(UserInput!H12=0,"",IF(UserInput!H12=UserInput!H11,"","SET "&UserInput!H12&"TIMESreport '"&UserInput!H12&" TIMESreport'/ ")) | S13: =IF(UserInput!F12=0,"",UserInput!F12) -> NRG_BIO | T13: =IF(UserInput!G12=0,"","'"&UserInput!G12&"'") -> 'Biomass' | U13: =IF(S13="","",IF(UserInput!H12=UserInput!H13,"","/ ;")) | W13: =IF(S13="","",W12+1) -> 61 | X13: =_xlfn.CONCAT(R13:S13)&" "&_xlfn.CONCAT(T13:U13) -> NRG_BIO 'Biomass' | Y13: =IF(W13="","","IMPNRGZ") -> IMPNRGZ
B14: =IF(C14="","","PRC_GMAP") -> PRC_GMAP | C14: =IF(UserInput!B13=0,"",UserInput!B13) -> SC_IND | D14: =IF(C14="","",1) -> 1 | E14: =IF(UserInput!B13=0,"",UserInput!B13) -> SC_IND | H14: =IF(UserInput!D13="","",IF(UserInput!D13=UserInput!D12,"","SET "&UserInput!D13&"TIMESreport '"&UserInput!D13&" TIMESreport'/ ")) | I14: =IF(UserInput!B13=0,"",UserInput!B13) -> SC_IND | J14: =IF(UserInput!C13=0,"","'"&UserInput!C13&"'") -> 'Industry sector' | K14: =IF(I14="","",IF(UserInput!D13=UserInput!D14,"","/ ;")) | M14: =IF(I14="","",1+M13) -> 8 | N14: =_xlfn.CONCAT(H14:I14)&" "&_xlfn.CONCAT(J14:K14) -> SC_IND 'Industry sector' | O14: =IF(M14="","","IMPNRGZ") -> IMPNRGZ | R14: =IF(UserInput!H13=0,"",IF(UserInput!H13=UserInput!H12,"","SET "&UserInput!H13&"TIMESreport '"&UserInput!H13&" TIMESreport'/ ")) | S14: =IF(UserInput!F13=0,"",UserInput!F13) -> ENV_CO2 | T14: =IF(UserInput!G13=0,"","'"&UserInput!G13&"'") -> 'GHG-emission' | U14: =IF(S14="","",IF(UserInput!H13=UserInput!H14,"","/ ;")) | W14: =IF(S14="","",W13+1) -> 62 | X14: =_xlfn.CONCAT(R14:S14)&" "&_xlfn.CONCAT(T14:U14) -> ENV_CO2 'GHG-emission' | Y14: =IF(W14="","","IMPNRGZ") -> IMPNRGZ
B15: =IF(C15="","","PRC_GMAP") -> PRC_GMAP | C15: =IF(UserInput!B14=0,"",UserInput!B14) -> SC_MIN | D15: =IF(C15="","",1) -> 1 | E15: =IF(UserInput!B14=0,"",UserInput!B14) -> SC_MIN | H15: =IF(UserInput!D14="","",IF(UserInput!D14=UserInput!D13,"","SET "&UserInput!D14&"TIMESreport '"&UserInput!D14&" TIMESreport'/ ")) | I15: =IF(UserInput!B14=0,"",UserInput!B14) -> SC_MIN | J15: =IF(UserInput!C14=0,"","'"&UserInput!C14&"'") -> 'Mining technologies' | K15: =IF(I15="","",IF(UserInput!D14=UserInput!D15,"","/ ;")) | M15: =IF(I15="","",1+M14) -> 9 | N15: =_xlfn.CONCAT(H15:I15)&" "&_xlfn.CONCAT(J15:K15) -> SC_MIN 'Mining technologies' | O15: =IF(M15="","","IMPNRGZ") -> IMPNRGZ | R15: =IF(UserInput!H14=0,"",IF(UserInput!H14=UserInput!H13,"","SET "&UserInput!H14&"TIMESreport '"&UserInput!H14&" TIMESreport'/ ")) | S15: =IF(UserInput!F14=0,"",UserInput!F14) -> DEM_COM | T15: =IF(UserInput!G14=0,"","'"&UserInput!G14&"'") -> 'Demand commodity' | U15: =IF(S15="","",IF(UserInput!H14=UserInput!H15,"","/ ;")) -> / ; | W15: =IF(S15="","",W14+1) -> 63 | X15: =_xlfn.CONCAT(R15:S15)&" "&_xlfn.CONCAT(T15:U15) -> DEM_COM 'Demand commodity'/ ; | Y15: =IF(W15="","","IMPNRGZ") -> IMPNRGZ
B16: =IF(C16="","","PRC_GMAP") -> PRC_GMAP | C16: =IF(UserInput!B15=0,"",UserInput!B15) -> SC_REF | D16: =IF(C16="","",1) -> 1 | E16: =IF(UserInput!B15=0,"",UserInput!B15) -> SC_REF | H16: =IF(UserInput!D15="","",IF(UserInput!D15=UserInput!D14,"","SET "&UserInput!D15&"TIMESreport '"&UserInput!D15&" TIMESreport'/ ")) | I16: =IF(UserInput!B15=0,"",UserInput!B15) -> SC_REF | J16: =IF(UserInput!C15=0,"","'"&UserInput!C15&"'") -> 'Refinery ' | K16: =IF(I16="","",IF(UserInput!D15=UserInput!D16,"","/ ;")) | M16: =IF(I16="","",1+M15) -> 10 | N16: =_xlfn.CONCAT(H16:I16)&" "&_xlfn.CONCAT(J16:K16) -> SC_REF 'Refinery ' | O16: =IF(M16="","","IMPNRGZ") -> IMPNRGZ | R16: =IF(UserInput!H15=0,"",IF(UserInput!H15=UserInput!H14,"","SET "&UserInput!H15&"TIMESreport '"&UserInput!H15&" TIMESreport'/ ")) | S16: =IF(UserInput!F15=0,"",UserInput!F15) | T16: =IF(UserInput!G15=0,"","'"&UserInput!G15&"'") | U16: =IF(S16="","",IF(UserInput!H15=UserInput!H16,"","/ ;")) | W16: =IF(S16="","",W15+1) | X16: =_xlfn.CONCAT(R16:S16)&" "&_xlfn.CONCAT(T16:U16) | Y16: =IF(W16="","","IMPNRGZ")
B17: =IF(C17="","","PRC_GMAP") -> PRC_GMAP | C17: =IF(UserInput!B16=0,"",UserInput!B16) -> SC_RES | D17: =IF(C17="","",1) -> 1 | E17: =IF(UserInput!B16=0,"",UserInput!B16) -> SC_RES | H17: =IF(UserInput!D16="","",IF(UserInput!D16=UserInput!D15,"","SET "&UserInput!D16&"TIMESreport '"&UserInput!D16&" TIMESreport'/ ")) | I17: =IF(UserInput!B16=0,"",UserInput!B16) -> SC_RES | J17: =IF(UserInput!C16=0,"","'"&UserInput!C16&"'") -> 'Residential sector' | K17: =IF(I17="","",IF(UserInput!D16=UserInput!D17,"","/ ;")) | M17: =IF(I17="","",1+M16) -> 11 | N17: =_xlfn.CONCAT(H17:I17)&" "&_xlfn.CONCAT(J17:K17) -> SC_RES 'Residential sector' | O17: =IF(M17="","","IMPNRGZ") -> IMPNRGZ | R17: =IF(UserInput!H16=0,"",IF(UserInput!H16=UserInput!H15,"","SET "&UserInput!H16&"TIMESreport '"&UserInput!H16&" TIMESreport'/ ")) | S17: =IF(UserInput!F16=0,"",UserInput!F16) | T17: =IF(UserInput!G16=0,"","'"&UserInput!G16&"'") | U17: =IF(S17="","",IF(UserInput!H16=UserInput!H17,"","/ ;")) | W17: =IF(S17="","",W16+1) | X17: =_xlfn.CONCAT(R17:S17)&" "&_xlfn.CONCAT(T17:U17) | Y17: =IF(W17="","","IMPNRGZ")
B18: =IF(C18="","","PRC_GMAP") -> PRC_GMAP | C18: =IF(UserInput!B17=0,"",UserInput!B17) -> SC_TRA | D18: =IF(C18="","",1) -> 1 | E18: =IF(UserInput!B17=0,"",UserInput!B17) -> SC_TRA | H18: =IF(UserInput!D17="","",IF(UserInput!D17=UserInput!D16,"","SET "&UserInput!D17&"TIMESreport '"&UserInput!D17&" TIMESreport'/ ")) | I18: =IF(UserInput!B17=0,"",UserInput!B17) -> SC_TRA | J18: =IF(UserInput!C17=0,"","'"&UserInput!C17&"'") -> 'Transport sector' | K18: =IF(I18="","",IF(UserInput!D17=UserInput!D18,"","/ ;")) | M18: =IF(I18="","",1+M17) -> 12 | N18: =_xlfn.CONCAT(H18:I18)&" "&_xlfn.CONCAT(J18:K18) -> SC_TRA 'Transport sector' | O18: =IF(M18="","","IMPNRGZ") -> IMPNRGZ | R18: =IF(UserInput!H17=0,"",IF(UserInput!H17=UserInput!H16,"","SET "&UserInput!H17&"TIMESreport '"&UserInput!H17&" TIMESreport'/ ")) | S18: =IF(UserInput!F17=0,"",UserInput!F17) | T18: =IF(UserInput!G17=0,"","'"&UserInput!G17&"'") | U18: =IF(S18="","",IF(UserInput!H17=UserInput!H18,"","/ ;")) | W18: =IF(S18="","",W17+1) | X18: =_xlfn.CONCAT(R18:S18)&" "&_xlfn.CONCAT(T18:U18) | Y18: =IF(W18="","","IMPNRGZ")
B19: =IF(C19="","","PRC_GMAP") -> PRC_GMAP | C19: =IF(UserInput!B18=0,"",UserInput!B18) -> SC_TRD | D19: =IF(C19="","",1) -> 1 | E19: =IF(UserInput!B18=0,"",UserInput!B18) -> SC_TRD | H19: =IF(UserInput!D18="","",IF(UserInput!D18=UserInput!D17,"","SET "&UserInput!D18&"TIMESreport '"&UserInput!D18&" TIMESreport'/ ")) | I19: =IF(UserInput!B18=0,"",UserInput!B18) -> SC_TRD | J19: =IF(UserInput!C18=0,"","'"&UserInput!C18&"'") -> 'Trade technologies' | K19: =IF(I19="","",IF(UserInput!D18=UserInput!D19,"","/ ;")) | M19: =IF(I19="","",1+M18) -> 13 | N19: =_xlfn.CONCAT(H19:I19)&" "&_xlfn.CONCAT(J19:K19) -> SC_TRD 'Trade technologies' | O19: =IF(M19="","","IMPNRGZ") -> IMPNRGZ | R19: =IF(UserInput!H18=0,"",IF(UserInput!H18=UserInput!H17,"","SET "&UserInput!H18&"TIMESreport '"&UserInput!H18&" TIMESreport'/ ")) | S19: =IF(UserInput!F18=0,"",UserInput!F18) | T19: =IF(UserInput!G18=0,"","'"&UserInput!G18&"'") | U19: =IF(S19="","",IF(UserInput!H18=UserInput!H19,"","/ ;")) | W19: =IF(S19="","",W18+1) | X19: =_xlfn.CONCAT(R19:S19)&" "&_xlfn.CONCAT(T19:U19) | Y19: =IF(W19="","","IMPNRGZ")
... B197: =IF(C197="","","PRC_GMAP") | C197: =IF(UserInput!B196=0,"",UserInput!B196) | D197: =IF(C197="","",1) | E197: =IF(UserInput!B196=0,"",UserInput!B196) | H197: =IF(UserInput!D196="","",IF(UserInput!D196=UserInput!D195,"","SET "&UserInput!D196&"TIMESreport '"&UserInput!D196&" TIMESreport'/ ")) | I197: =IF(UserInput!B196=0,"",UserInput!B196) | J197: =IF(UserInput!C196=0,"","'"&UserInput!C196&"'") | K197: =IF(I197="","",IF(UserInput!D196=UserInput!D197,"","/ ;")) | M197: =IF(I197="","",1+M196) | N197: =_xlfn.CONCAT(H197:I197)&" "&_xlfn.CONCAT(J197:K197) | O197: =IF(M197="","","IMPNRGZ") | R197: =IF(UserInput!H196=0,"",IF(UserInput!H196=UserInput!H195,"","SET "&UserInput!H196&"TIMESreport '"&UserInput!H196&" TIMESreport'/ ")) | S197: =IF(UserInput!F196=0,"",UserInput!F196) | T197: =IF(UserInput!G196=0,"","'"&UserInput!G196&"'") | U197: =IF(S197="","",IF(UserInput!H196=UserInput!H197,"","/ ;")) | W197: =IF(S197="","",W196+1) | X197: =_xlfn.CONCAT(R197:S197)&" "&_xlfn.CONCAT(T197:U197) | Y197: =IF(W197="","","IMPNRGZ")

Sheet TIMESreport_Switches
B2: ~TFM_INS
B3: Attribute | C3: Other_indexes | D3: Value | G3: Switch (Yes or No)
B4: =IF(G4="Yes","RFCmd_F","*") -> RFCmd_F | C4: $SET MEMCLEAN NO | D4: 1 | G4: Yes | H4: Keep information on FLO_TAX etc. as part of GDX output
B5: =IF(G5="Yes","RFCmd_F","*") -> RFCmd_F | C5: $SET ANNCOST LEV | D5: 2 | G5: Yes | H5: ANNCOST LEV option to ensure that costs are NOT accounted for in years before model horizont (BOH)
B7: ~TFM_INS
B8: Attribute | C8: Other_indexes | D8: AllRegions | G8: Table 15 / Page 58 | H8: Documentation_for_the_TIMES_Model-PartIII.pdf | I8: ->
B9: =IF(G9="Yes","RPT_OPT","*") -> * | C9: FLO~1 | D9: 1 | G9: No | H9: Report Value flows at commodity TS level
B10: =IF(G10="Yes","RPT_OPT","*") -> RPT_OPT | C10: FLO~3 | D10: 1 | G10: Yes | H10: Report value flows by process (implies (FLO,1)=1)
B11: =IF(G11="Yes","RPT_OPT","*") -> * | C11: FLO~5 | D11: 1 | G11: No | H11: Report electricity supply by energy source
B12: =IF(G12="Yes","RPT_OPT","*") -> * | C12: FLO~7 | D12: 1 | G12: No | H12: Report process topology indicators
B13: =IF(G13="Yes","RPT_OPT","*") -> * | C13: COMPRD~1 | D13: 1 | G13: No | H13: Report VAR_COMPRD for all commodities
B14: =IF(G14="Yes","RPT_OPT","*") -> RPT_OPT | C14: NCAP~1 | D14: 1 | G14: YES | H14: Activiate levelised cost calculation
B15: =IF(G15="Yes","RPT_OPT","*") -> RPT_OPT | C15: OBJ~1 | D15: 1 | G15: YES | H15: Split investment according to hurdle rate

Sheet RunTIMESReportScript
B3: Use CmdF_bot to run "timesreport.gms" automatically after a TIMES scenario run by include the code in cell C8 in the "VTrun.cmd-file". This approach is based on location of "timesreport.gms" relative to the present scenario file and assumes that timesreport is located ..\TIMESreport\timesreport.gms. The location should be updated automatically as the model user syncronizes this scenario file. Note that timesreport relies on a certain file structure on your computer, e.g., it assumes that VEDA saves your model files into the following folder "c:\Veda\GAMS_WrkTIMES\". It further assumes that a specific library is created for each model run (corresponding to the setting in VEDA that Max Runs is set to 2 or higher.
B6: ~TFM_INS
B7: Attribute | C7: Other_indexes | D7: Value | E7: *Description
B8: CmdF_bot | C8: SET $pathGAMS_WrkTIMES_Model=%CD% | D8: 1 | E8: Define path to the GAMS_WrkTIMES-library where VTrun.cmd file is located
B9: CmdF_bot | C9: echo %$pathGAMS_WrkTIMES_Model% | D9: 2 | E9: Print GAMS_WrkTIMES_Model
B10: CmdF_bot | C10: =C17 -> gams C:\kristoffer\DemoS_012_timesreport\SuppXLS\..\TIMESreport\timesreport.gms --TIMESscenario=%$case_name% --pathTIMESmodel=C:\kristoffer\DemoS_012_timesreport\SuppXLS\..\ --GAMS_WrkTIMES_Model=%$pathGAMS_WrkTIMES_Model% | D10: 3 | E10: Run TIMESreport script
B15: This filename: | C15: =CELL("filename",$A$1) -> C:\kristoffer\DemoS_012_timesreport\SuppXLS\[Scen_Z_TIMESReport.xlsx]RunTIMESReportScript
B16: The path here | C16: =LEFT(filename,FIND("?",SUBSTITUTE(filename,"\","?",LEN(filename)-LEN(SUBSTITUTE(filename,"\",""))))) -> C:\kristoffer\DemoS_012_timesreport\SuppXLS\
B17: postprocessing | C17: ="gams "&C16&"..\TIMESreport\timesreport.gms --TIMESscenario=%$case_name% --pathTIMESmodel="&C16&"..\ --GAMS_WrkTIMES_Model=%$pathGAMS_WrkTIMES_Model%" -> gams C:\kristoffer\DemoS_012_timesreport\SuppXLS\..\TIMESreport\timesreport.gms --TIMESscenario=%$case_name% --pathTIMESmodel=C:\kristoffer\DemoS_012_timesreport\SuppXLS\..\ --GAMS_WrkTIMES_Model=%$pathGAMS_WrkTIMES_Model%
B21: Below is a dummy fill table. The fill table is added to ensure that VEDA updates excel file with the local path when opening and syncronizing the excel workbook. Note the fill table does not generate any data. | H21: ® | I21: For more info on this approach see: | J21: VEDA: Issues when synchronizing scenario file
B23: ~TFM_FILL
B24: Operation_Sum_Avg_Count | C24: Scenario Name | D24: TimeSlice | E24: LimType | F24: Attribute | G24: AllRegions
B25: A | C25: SysSettings | F25: G_DYEAR | G25: 0
